,mean,stdv
0,2.1353238,0.012452914
1,7.21192,0.026189283
2,0.10356784,0.0012511425
3,0.40726104,0.004121378
4,0.6698407,0.002567647
5,-0.014972402,0.001984995
