,mean,stdv
0,1.1782128,0.00667727
1,7.177087,0.019597579
2,0.22140858,0.0037779764
3,0.2244806,0.0027789164
4,0.40128908,0.0034610447
5,-0.014503998,0.0025556695
