,mean,stdv
0,0.78503096,0.0048909876
1,7.0843124,0.014413892
2,0.31583136,0.0063704187
3,0.14991517,0.0022250914
4,0.09984347,0.005160767
5,-0.0008064222,0.00016499637
