,mean,stdv
0,1.0470767,0.0047686747
1,6.560426,0.015448379
2,0.21684316,0.0028611952
3,0.07001369,0.0020553179
4,0.73212636,0.0016818163
5,-0.06864689,0.0017080592
