,mean,stdv
0,0.5662735,0.0025811458
1,6.55551,0.005403421
2,0.36921602,0.006497866
3,0.07989754,0.0015002843
4,0.46251288,0.0014305962
5,-0.0056427955,0.00022039429
