,mean,stdv
0,1.0031091,0.0068367356
1,6.304193,0.022252252
2,0.27471718,0.0255701
3,0.26226026,0.017589921
4,0.7034049,0.0057214443
5,8.669736e-05,0.00036823755
