,mean,stdv
0,0.9512643,0.007720017
1,6.353563,0.029032249
2,0.17967169,0.007018144
3,0.060920306,0.0112531
4,0.7440978,0.0027032553
5,0.032748215,0.008310225
