,mean,stdv
0,0.4855218,0.0048334915
1,5.92379,0.0105539365
2,0.5505873,0.02192044
3,0.15745817,0.0059652585
4,0.28392574,0.008701932
5,-0.00045598345,0.00039940007
