,mean,stdv
0,0.78554714,0.00613585
1,5.902932,0.01369544
2,0.32236388,0.008964516
3,0.19095649,0.0077397716
4,0.61446106,0.0028498035
5,-0.026534539,0.0062338095
