,mean,stdv
0,0.57027096,0.007522549
1,6.119488,0.025796011
2,1.4206161,0.030185692
3,0.13503763,0.0051104375
4,0.23990138,0.0061087217
5,-0.07917642,0.004276686
