,mean,stdv
0,0.5639118,0.009884712
1,6.158434,0.014220535
2,1.189492,0.050549127
3,0.14053035,0.005017657
4,0.19404374,0.0147675
5,-0.004947981,0.00043169266
