,mean,stdv
0,1.2186544,0.004976557
1,6.128678,0.011298909
2,0.30101317,0.0052176
3,0.121307656,0.0033165852
4,0.7583787,0.0015195882
5,-0.03505952,0.0024704516
