,mean,stdv
0,0.9993837,0.0047715036
1,6.080465,0.009049865
2,0.48061416,0.012279599
3,0.20777284,0.003612738
4,0.6145174,0.0037214318
5,-0.006856665,0.00017476846
