,mean,stdv
0,1.0504652,0.010976599
1,6.0570765,0.025474414
2,0.81647575,0.011543185
3,0.25075287,0.0064994497
4,0.60960454,0.004464478
5,-0.036094766,0.0025786432
