,mean,stdv
0,0.9855801,0.013707616
1,5.9873657,0.019034943
2,0.8838163,0.08353523
3,0.244172,0.009858222
4,0.5669193,0.009536975
5,-0.0024717625,0.00027987102
