,mean,stdv
0,0.89142376,0.021569911
1,0.06560067,1.1744508
2,8.542285e-06,2.2203249e-06
3,0.36328444,0.03822293
4,0.0004394249,0.00028702358
5,0.27173957,0.012052227
6,0.38033852,0.0031750211
