,mean,stdv
0,1.1789904,0.03580246
1,7.414886,0.08736285
2,0.32972994,0.04234238
3,0.35449225,0.04038377
4,0.036982607,0.054227747
5,0.00014776336,0.0003136451
