,mean,stdv
0,1.2330052,0.017619368
1,7.6239095,0.04960686
2,0.32516885,0.012362133
3,0.3453961,0.008709361
4,0.1691341,0.010538585
5,-0.09257955,0.003916993
