,mean,stdv
0,0.3077402,0.033649795
1,12.701357,0.22494134
2,0.0638188,0.0050740796
3,0.110443935,0.13064735
4,0.06389106,0.021401774
5,0.063826725,0.10931012
