,mean,stdv
0,0.99718547,0.036093738
1,6.562949,0.16744183
2,0.023121089,0.00797425
3,1.0747283,0.47441337
4,0.9270689,0.0057167355
5,5.0454866e-05,0.00036107254
