,mean,stdv
0,4.013823,0.039123163
1,7.197262,0.06497614
2,0.041732505,0.00051183125
3,0.8752309,0.009857074
4,0.7986235,0.0061354376
5,0.011006048,0.0014112099
