,mean,stdv
0,1.3305644,0.021659385
1,7.6616564,0.051042005
2,0.32745197,0.01162734
3,0.38227385,0.01077092
4,0.17014587,0.00848684
5,-0.09189705,0.0044471314
