,mean,stdv
0,0.99427897,0.044236265
1,7.3819156,0.07246137
2,0.3377494,0.0489533
3,0.414471,0.03551077
4,0.03146327,0.013105147
5,-0.004044026,0.0005037835
