,mean,stdv
<<<<<<< HEAD
0,0.871861,0.014338
1,7.4164906,0.04110304
2,0.24948506,0.00864864
3,0.18374887,0.006657917
4,0.12753448,0.012314776
5,0.0010822772,0.00031004197
=======
0,4.013823,0.039123163
1,7.197262,0.06497614
2,0.041732505,0.00051183125
3,0.8752309,0.009857074
4,0.7986235,0.0061354376
5,0.011006048,0.0014112099
>>>>>>> f1c892c98371a1ec1e9ff9b0e5347fbbce213675
