,mean,stdv
0,1.730617,0.022093922
1,7.842684,0.050540075
2,0.2489609,0.0019329566
3,0.47069636,0.009943266
4,0.35284814,0.0025630912
5,-0.084825635,0.0027585719
