,mean,stdv
0,2.6091962,0.02751038
1,7.2937217,0.031375952
2,0.07142542,0.000831427
3,0.5506786,0.011491217
4,0.705408,0.0034988963
5,0.039935973,0.003594203
