,mean,stdv
0,1.2251964,0.011123358
1,8.741331,0.06481374
2,0.16047157,0.0016256709
3,0.34351724,0.0035478987
4,0.08814206,0.00096029893
5,-0.0034809608,0.0009671633
