,mean,stdv
0,0.871861,0.014338
1,7.4164906,0.04110304
2,0.24948506,0.00864864
3,0.18374887,0.006657917
4,0.12753448,0.012314776
5,0.0010822772,0.00031004197
