,mean,stdv
0,0.8718592,0.01433875
1,7.4164963,0.04110186
2,0.24948394,0.008648614
3,0.18374912,0.006657826
4,0.1275362,0.012314741
5,0.0010828825,0.00031004805
