,mean,stdv
0,1.4201319,0.047094528
1,9.273672,0.09450358
2,0.2050242,0.008970154
3,0.33281463,0.022447646
4,0.063865826,0.0126757445
5,-0.0022605537,0.00035103524
