,mean,stdv
<<<<<<< HEAD
0,1.4201319,0.047094528
1,9.273672,0.09450358
2,0.2050242,0.008970154
3,0.33281463,0.022447646
4,0.063865826,0.0126757445
5,-0.0022605537,0.00035103524
=======
0,1.730617,0.022093922
1,7.842684,0.050540075
2,0.2489609,0.0019329566
3,0.47069636,0.009943266
4,0.35284814,0.0025630912
5,-0.084825635,0.0027585719
>>>>>>> f1c892c98371a1ec1e9ff9b0e5347fbbce213675
