,mean,stdv
0,1.1684958,0.058799256
1,5.5733066,0.14990969
2,0.12596034,0.027195152
3,0.22619115,0.015213911
4,0.10256493,0.03825693
5,0.0035891007,0.00036472775
