,mean,stdv
0,1.1650752,0.018009946
1,8.146496,0.05682042
2,0.25498214,0.002735006
3,0.27058536,0.0074594566
4,0.11973777,0.0015590509
5,-0.048922073,0.004215663
