,mean,stdv
0,1.0015005,0.013076168
1,7.827283,0.07302052
2,0.26331946,0.022450795
3,0.2477399,0.008688
4,0.016282229,0.012167885
5,-1.2168007e-06,0.0001532352
